{"graph": {"_type": "graph-file", "path": "media/graph/graph_summary_127ad047.graph.json", "sha256": "127ad0472d6cdab5f54ab44918abd5845e418349d2e26fef05760d5d671199fc", "size": 941}, "val_loss": 3.0487648405347554, "_timestamp": 1583526108.8179402, "_step": 49, "examples": {"width": 11, "height": 20, "format": "png", "count": 36, "_type": "images", "captions": ["NO", "NO", "NO", "NO", "NO", "NO", "NO", "NO", "NO", "NO", "NO", "siren", "NO", "NO", "NO", "NO", "NO", "NO", "NO", "NO", "NO", "NO", "NO", "NO", "NO", "NO", "NO", "NO", "NO", "NO", "NO", "NO", "NO", "NO", "NO", "NO"]}, "accuracy": 0.9312977194786072, "loss": 0.2039970239913494, "_runtime": 59.22600817680359, "epoch": 49, "val_accuracy": 0.6342856884002686, "best_val_loss": 1.6522551647822061, "best_epoch": 8}
